Youtube Channel,Subscribers,Video Views,Video Count,Category,Started
T-Series,"234,000,000","212,900,271,553","18,515",Music,2006
YouTube Movies,"161,000,000",0,0,Film & Animation,2015
Cocomelon - Nursery Rhymes,"152,000,000","149,084,178,448",846,Education,2006
SET India,"150,000,000","137,828,094,104","103,200",Shows,2006
MrBeast,"128,000,000","21,549,128,785",733,Entertainment,2012
Music,"118,000,000",0,0,https://us.youtubers.me/global/all/top-1000-most_subscribed-youtube-channels,2013
PewDiePie,"111,000,000","28,851,883,250","4,694",Gaming,2010
✿ Kids Diana Show,"106,000,000","86,638,570,921","1,056",People & Blogs,2015
Like Nastya,"104,000,000","87,202,935,675",754,People & Blogs,2016
Gaming,"93,300,000",0,0,https://us.youtubers.me/global/all/top-1000-most_subscribed-youtube-channels,2013
WWE,"92,800,000","73,577,695,222","66,174",Sports,2007
Vlad and Niki,"92,700,000","72,444,118,381",520,Entertainment,2018
Zee Music Company,"91,600,000","53,352,597,784","7,530",Music,2014
BLACKPINK,"83,900,000","28,723,286,185",468,People & Blogs,2016
Goldmines,"81,200,000","21,296,568,609","5,090",Film & Animation,2012
5-Minute Crafts,"78,500,000","24,983,430,208","5,937",Howto & Style,2016
Sony SAB,"76,400,000","91,117,292,875","63,390",Shows,2007
Sports,"75,100,000",0,0,https://us.youtubers.me/global/all/top-1000-most_subscribed-youtube-channels,2013
BANGTANTV,"73,100,000","19,240,057,894","2,090",Music,2012
Justin Bieber,"70,800,000","29,598,652,357",249,Music,2007
HYBE LABELS,"69,600,000","25,947,702,825","1,070",Music,2008
Canal KondZilla,"66,300,000","37,179,407,050","2,383",Music,2012
Zee TV,"65,400,000","31,291,572,708","80,178",Entertainment,2005
Pinkfong Baby Shark - Kids' Songs & Stories,"64,600,000","35,934,421,688","2,599",Education,2011
Shemaroo Filmi Gaane,"63,500,000","29,992,048,346","8,464",Music,2010
ChuChu TV Nursery Rhymes & Kids Songs,"61,100,000","41,904,239,949",531,Education,2013
Colors TV,"59,300,000","57,825,649,653","102,403",Shows,2008
Dude Perfect,"58,600,000","15,294,226,020",364,Sports,2009
Movieclips,"58,500,000","59,493,925,856","39,921",Film & Animation,2006
T-Series Bhakti Sagar,"57,300,000","27,004,807,684","24,900",Music,2011
Tips Official,"56,300,000","30,741,513,673","4,102",Music,2007
Marshmello,"56,100,000","14,014,958,483",405,Entertainment,2015
Wave Music,"55,700,000","38,819,471,815","18,970",Music,2014
Sony Music India,"55,400,000","27,179,277,627","3,380",Music,2009
Aaj Tak,"55,300,000","22,725,789,132","233,730",News & Politics,2009
EminemMusic,"55,000,000","25,334,375,101",140,Music,2007
El Reino Infantil,"55,000,000","53,458,257,145","1,410",Music,2011
Ed Sheeran,"52,800,000","29,004,663,326",258,Music,2006
LooLoo Kids - Nursery Rhymes and Children's Songs,"52,300,000","30,857,986,532",607,Music,2014
Ariana Grande,"52,200,000","23,058,776,245",146,Music,2007
YRF,"51,000,000","32,068,851,747","3,475",Film & Animation,2006
Taylor Swift,"50,700,000","27,714,189,976",204,Music,2006
BillionSurpriseToys - English Kids Songs & Cartoon,"49,700,000","8,662,901,485",637,Education,2013
Infobells - Hindi,"48,400,000","27,621,598,218",514,Education,2014
Billie Eilish,"47,300,000","12,810,775,364",51,Music,2013
JuegaGerman,"47,000,000","14,143,277,535","2,017",Gaming,2013
Badabun,"46,300,000","19,053,487,396","16,726",Entertainment,2014
Fernanfloo,"45,600,000","10,146,422,791",542,Gaming,2011
Bad Bunny,"45,100,000","28,114,460,507",127,Music,2014
Felipe Neto,"44,800,000","16,043,230,315","3,977",Entertainment,2006
SonyMusicIndiaVEVO,"44,800,000","25,915,043,211","3,366",Music,2009
BRIGHT SIDE,"44,300,000","10,430,931,571","5,173",Howto & Style,2017
Get Movies,"44,200,000","29,251,998,725","3,160",Entertainment,2006
Você Sabia?,"44,100,000","7,597,909,400","1,444",Entertainment,2013
whinderssonnunes,"44,000,000","4,179,250,874",524,Comedy,2013
Shemaroo,"44,000,000","22,419,193,201","10,697",Entertainment,2007
A4,"43,900,000","19,946,220,349",709,Gaming,2014
Katy Perry,"43,800,000","24,676,643,547",120,Music,2008
HolaSoyGerman.,"43,400,000","4,782,790,153",136,Entertainment,2011
Alan Walker,"42,800,000","12,266,013,874",364,Music,2012
Voot Kids,"42,300,000","19,620,244,169","3,923",Entertainment,2016
Like Nastya Show,"42,100,000","19,124,111,758",606,Entertainment,2017
ABS-CBN Entertainment,"42,100,000","48,815,821,642","185,775",People & Blogs,2008
Speed Records,"41,800,000","25,752,372,644","10,608",Music,2012
Rihanna,"40,900,000","21,169,959,746",82,Entertainment,2005
Маша и Медведь,"40,900,000","34,577,807,066","1,281",Film & Animation,2011
Little Baby Bum - Nursery Rhymes & Kids Songs,"40,600,000","38,573,516,896","2,245",Education,2011
elrubiusOMG,"40,400,000","7,581,423,100",711,Gaming,2011
Shakira,"40,100,000","25,428,049,775",307,People & Blogs,2005
Luisito Comunica,"39,800,000","8,160,328,364","1,194",Comedy,2012
Ishtar Music,"39,500,000","16,198,667,693","4,582",Trailers,2005
Kimberly Loaiza,"39,500,000","4,939,734,902",250,People & Blogs,2016
LUCCAS NETO - LUCCAS TOON,"38,700,000","21,415,852,275","1,985",People & Blogs,2014
ARY Digital HD,"38,600,000","32,383,019,054","88,409",Entertainment,2016
Masha and The Bear,"38,500,000","21,850,302,761","1,035",Shows,2014
XXXTENTACION,"38,400,000","10,134,205,288",129,Music,2015
GR6 EXPLODE,"38,400,000","24,701,070,352","4,134",Music,2014
Toys and Colors,"38,400,000","44,190,624,959",905,Entertainment,2016
TheEllenShow,"38,300,000","22,535,632,362","14,993",Entertainment,2006
WorkpointOfficial,"38,100,000","36,234,268,240","69,696",Entertainment,2012
One Direction,"37,800,000","13,125,170,526",157,Music,2010
CarryMinati,"37,600,000","3,110,725,449",180,Comedy,2014
Daddy Yankee,"37,500,000","21,667,615,457",471,Music,2011
shfa2 - شفا,"37,400,000","22,249,785,330","1,468",People & Blogs,2017
Super Simple Songs - Kids Songs,"37,400,000","40,905,820,903",647,Education,2006
TEDx Talks,"37,300,000","7,025,367,828","191,506",Nonprofits & Activism,2009
shfa,"37,000,000","20,196,597,873",920,People & Blogs,2015
Jkk Entertainment,"36,700,000","15,892,449,076",207,Comedy,2017
HAR PAL GEO,"36,700,000","32,307,389,493","80,499",Entertainment,2008
Mikecrack,"36,600,000","14,997,302,673","1,811",Gaming,2015
Maroon 5,"36,400,000","21,651,521,761",163,Music,2006
News,"36,300,000",0,0,https://us.youtubers.me/global/all/top-1000-most_subscribed-youtube-channels,2013
Goldmines Gaane Sune Ansune,"36,300,000","15,500,577,270","3,406",Music,2015
Bruno Mars,"36,100,000","18,369,812,498",99,Music,2006
ช่อง one31,"36,000,000","26,380,324,996","104,458",Entertainment,2013
Like Nastya ESP,"35,900,000","17,250,777,103",691,Entertainment,2017
Ozuna,"35,800,000","22,255,148,830",162,Music,2016
Maria Clara & JP,"35,500,000","22,536,784,457",693,People & Blogs,2015
Sony PAL,"35,300,000","25,906,208,404","21,627",Shows,2014
YouTube,"35,200,000","2,980,922,779",620,News & Politics,1970
Ultra Bollywood,"35,200,000","16,071,519,784","9,424",Trailers,2009
ABP NEWS,"35,100,000","11,605,665,353","253,628",People & Blogs,2012
Total Gaming,"34,300,000","5,297,672,072","1,137",Gaming,2018
Markiplier,"34,300,000","19,491,886,710","5,392",Gaming,2012
Ryan's World,"34,200,000","53,646,314,889","2,294",Entertainment,2015
J Balvin,"33,900,000","22,257,560,882",134,Music,2011
Vlad và Niki,"33,900,000","21,008,932,630",457,https://us.youtubers.me/global/all/top-1000-most_subscribed-youtube-channels,2018
Geet MP3,"33,700,000","12,205,382,034",614,Music,2016
Desi Music Factory,"33,600,000","9,909,079,287",129,Music,2014
IndiaTV,"33,600,000","14,728,724,777","254,217",News & Politics,2006
T-Series Apna Punjab,"33,600,000","20,004,653,117","7,169",Music,2011
La Granja de Zenón,"33,600,000","24,784,972,963",604,Music,2013
VEGETTA777,"33,600,000","15,182,606,203","7,322",Gaming,2008
SSSniperWolf,"33,200,000","22,265,406,473","3,200",Gaming,2013
NoCopyrightSounds,"33,100,000","10,843,342,435","1,205",Music,2011
KHANDESHI MOVIES,"33,000,000","11,114,815,843",203,Comedy,2013
Bollywood Classics,"32,800,000","20,441,345,965","1,959",Music,2012
PowerKids TV,"32,800,000","16,678,003,928","3,818",Film & Animation,2014
Ch3Thailand,"32,500,000","20,928,776,913","73,637",Entertainment,2014
Galinha Pintadinha,"32,300,000","24,453,480,427",65,Film & Animation,2006
Selena Gomez,"32,200,000","12,212,768,270",188,Film & Animation,2008
Eros Now Music,"32,000,000","17,279,122,597","9,863",Entertainment,2007
Saregama Music,"32,000,000","13,568,878,190","6,652",Entertainment,2013
Rajshri,"31,900,000","13,965,458,068","3,761",Music,2006
GENIAL,"31,700,000","6,578,128,540","5,957",Howto & Style,2017
CVS 3D Rhymes & Kids Songs,"31,700,000","19,319,626,738",338,Education,2008
JustinBieberVEVO,"31,700,000","25,955,745,056",204,Music,2009
Mr Bean,"31,500,000","10,219,405,165","2,847",Shows,2006
rezendeevil,"31,500,000","12,837,585,247","11,757",Gaming,2012
SMTOWN,"31,400,000","26,267,502,068","4,059",Music,2006
DisneyMusicVEVO,"31,400,000","26,620,144,607","1,922",Music,2010
BabyBus - Kids Songs and Cartoons,"31,300,000","25,291,836,510","1,953",Education,2016
Dream,"31,300,000","2,836,785,859",112,Gaming,2014
Techno Gamerz,"31,200,000","8,412,805,750",896,Gaming,2017
Luis Fonsi,"31,200,000","14,805,801,427",137,Entertainment,2014
Genevieve's Playhouse - Learning Videos for Kids,"31,100,000","22,122,295,687",590,Education,2016
Ricis Official,"30,800,000","5,641,597,942","2,335",People & Blogs,2016
MrBeast Gaming,"30,800,000","5,426,458,352",138,Gaming,2020
The Weeknd,"30,800,000","21,097,791,955",130,Music,2011
Jingle Toons,"30,700,000","10,348,265,538",233,Film & Animation,2013
The Tonight Show Starring Jimmy Fallon,"30,600,000","16,697,658,353","8,467",Comedy,2006
Trap Nation,"30,500,000","13,769,164,702","2,601",Music,2012
Worldwide Records Bhojpuri,"30,300,000","15,543,812,678","6,208",Music,2012
AH,"30,100,000","4,140,958,197","1,981",Entertainment,2014
Peppa Pig - Official Channel,"30,000,000","21,914,217,722","2,575",Film & Animation,2013
Boram Tube Vlog [보람튜브 브이로그],"29,900,000","13,320,447,980",223,Entertainment,2012
Wow Kidz,"29,900,000","15,906,054,081","3,825",Film & Animation,2015
Spinnin' Records,"29,900,000","20,651,821,146","11,048",Music,2007
ImagineDragons,"29,800,000","15,573,184,914",87,Music,2009
MR. INDIAN HACKER,"29,800,000","5,170,819,584",874,Science & Technology,2012
Shawn Mendes,"29,800,000","12,272,383,543",132,Music,2011
DONA 도나,"29,700,000","19,514,803,427",163,Entertainment,2018
GMANetwork,"29,600,000","27,835,242,571","125,735",Entertainment,2006
Adele,"29,500,000","13,365,050,446",15,Music,2008
Popular on YouTube,"29,300,000",0,0,https://us.youtubers.me/global/all/top-1000-most_subscribed-youtube-channels,2013
قناة طيور الجنة | toyoraljanahtv,"29,200,000","26,743,403,629","3,175",Entertainment,2008
AuronPlay,"29,200,000","4,021,381,165",404,Comedy,2006
Little Angel: Nursery Rhymes & Kids Songs,"29,200,000","21,402,553,443","1,213",Education,2015
Talking Tom,"29,100,000","14,517,628,994",469,Comedy,2010
Ultra Records,"29,100,000","16,694,586,833","4,750",Music,2006
Maluma,"29,000,000","20,398,752,778",21,Music,2018
Round2hell,"29,000,000","2,955,667,345",66,Comedy,2016
ashish chanchlani vines,"29,000,000","4,207,027,768",147,Comedy,2009
jacksepticeye,"29,000,000","15,857,360,480","5,046",Gaming,2007
KAROL G,"28,900,000","15,671,695,419",124,Music,2013
Zee News,"28,700,000","14,547,067,456","160,005",News & Politics,2007
व्लाद और निकिता,"28,700,000","17,107,973,877",478,https://us.youtubers.me/global/all/top-1000-most_subscribed-youtube-channels,2018
Lucas and Marcus,"28,600,000","9,575,572,393","1,076",Entertainment,2011
TheDonato,"28,400,000","5,588,992,559","2,755",Entertainment,2015
The Late Late Show with James Corden,"28,000,000","10,200,658,256","5,695",Entertainment,2006
AboFlah,"27,700,000","3,963,824,628",593,Gaming,2016
infobells - Tamil,"27,600,000","17,027,319,292",495,Education,2014
Drake,"27,500,000","14,112,271,569",59,Music,2009
Aditya Music,"27,400,000","24,229,379,040","20,757",Music,2008
Bounce Patrol - Kids Songs,"27,300,000","19,996,346,479",229,Music,2013
Michael Jackson,"27,100,000","13,475,088,420",15,Music,2005
Wiz Khalifa,"27,000,000","12,956,392,794",623,Music,2008
Sandeep Maheshwari,"26,900,000","2,166,469,190",562,People & Blogs,2012
infobells - Telugu,"26,900,000","13,913,156,831",449,Education,2014
A.O.D,"26,900,000","15,715,787,972","2,474",Entertainment,2014
enchufetv,"26,600,000","10,223,966,037","1,056",Comedy,2011
toycantando,"26,500,000","14,667,362,261",531,Music,2009
Aditya Movies,"26,400,000","8,932,231,692","4,719",Movies,2012
JYP Entertainment,"26,300,000","18,505,316,594","1,599",Music,2008
DanTDM,"26,300,000","18,960,251,968","3,638",Gaming,2012
Nick Jr.,"26,300,000","21,511,413,683","5,079",Film & Animation,2012
Goldmines Dishoom,"26,300,000","7,870,463,275","3,364",Film & Animation,2016
WORLDSTARHIPHOP,"26,200,000","19,899,129,709","6,708",Music,2008
Renato Garcia YT,"26,200,000","7,380,286,067","3,625",Entertainment,2011
Jess No Limit,"25,900,000","3,225,286,925","2,009",Entertainment,2017
Masha y el Oso,"25,900,000","12,088,612,689",936,Film & Animation,2016
BB Ki Vines,"25,800,000","4,551,592,957",188,Entertainment,2015
VanossGaming,"25,800,000","15,227,182,993","1,668",Gaming,2011
1MILLION Dance Studio,"25,800,000","7,639,482,143","4,876",Entertainment,2015
Netflix,"25,700,000","6,483,549,335","6,144",Entertainment,2012
Shemaroo Movies,"25,700,000","6,694,749,616","2,666",Entertainment,2011
TaylorSwiftVEVO,"25,700,000","24,334,160,208",261,Music,2009
LosPolinesios,"25,600,000","7,284,096,508",941,People & Blogs,2012
Crazy XYZ,"25,500,000","6,909,579,235","1,183",Entertainment,2017
Raffy Tulfo in Action,"25,500,000","14,090,642,521","9,363",News & Politics,2016
Beyoncé,"25,500,000","16,545,952,051",234,Music,2005
Marília Mendonça,"25,500,000","17,583,869,743",120,Music,2013
Enaldinho,"25,500,000","9,600,028,596","3,275",Comedy,2012
RihannaVEVO,"25,200,000","18,711,981,509",118,Music,2009
StarPlus,"25,200,000","18,007,460,762","26,205",Entertainment,2006
Nicki Minaj,"25,100,000","9,814,393,443",39,Music,2013
Las Ratitas,"25,000,000","9,416,242,649",221,People & Blogs,2015
Smosh,"25,000,000","10,274,551,358","1,459",Comedy,2005
David Guetta,"25,000,000","16,789,646,111",702,Music,2009
HUM TV,"24,900,000","20,138,982,531","85,520",Entertainment,2011
WatchMojo.com,"24,900,000","16,036,594,903","23,571",Music,2007
ZHC,"24,900,000","2,432,186,480",305,Film & Animation,2013
Yuya,"24,900,000","2,586,211,373",672,Howto & Style,2009
EminemVEVO,"24,800,000","19,618,787,988",104,Music,2009
Post Malone,"24,800,000","13,400,799,639",64,Music,2011
KatyPerryVEVO,"24,700,000","23,193,121,362",173,Music,2009
Rans Entertainment,"24,700,000","6,067,761,738","3,371",People & Blogs,2015
Chris Brown,"24,500,000","14,634,573,956",23,Music,2006
Brent Rivera,"24,500,000","5,659,381,804",516,Comedy,2009
Super JoJo - Nursery Rhymes & Kids Songs,"24,400,000","1,459,730",8,https://us.youtubers.me/global/all/top-1000-most_subscribed-youtube-channels,2019
D Billions,"24,400,000","27,800,456,761",590,https://us.youtubers.me/global/all/top-1000-most_subscribed-youtube-channels,2019
Coldplay,"24,400,000","16,151,404,605",364,Music,2010
Goldmines Bollywood,"24,400,000","7,881,575,502","3,097",Film & Animation,2015
1theK (원더케이),"24,400,000","23,263,234,592","17,735",Music,2011
TRANS7 OFFICIAL,"24,300,000","13,336,947,331","83,527",Entertainment,2014
Chloe Ting,"24,300,000","2,855,477,471",386,Howto & Style,2011
Amit Bhadana,"24,300,000","2,318,923,728",97,Entertainment,2012
★ Kids Roma Show,"24,100,000","8,539,357,204",613,People & Blogs,2015
Collins Key,"24,000,000","6,514,271,600",254,Entertainment,2011
KSI,"24,000,000","5,957,939,168","1,248",Entertainment,2009
DJ Snake,"23,900,000","8,039,306,948",217,Music,2008
ABPLIVE,"23,900,000","7,231,058,050","162,144",People & Blogs,2017
Ninja,"23,800,000","2,487,798,349","1,525",Gaming,2011
The Lallantop,"23,800,000","9,069,403,398","44,355",News & Politics,2015
James Charles,"23,800,000","3,801,089,461",444,Entertainment,2015
WB Kids,"23,700,000","10,175,012,401","1,871",People & Blogs,2015
Anuel AA,"23,600,000","13,022,229,032",135,Music,2016
Logan Paul,"23,600,000","5,941,251,199",714,Entertainment,2015
netd müzik,"23,500,000","53,386,751,228","21,930",Music,2014
Frost Diamond,"23,500,000","5,920,064,550","2,421",Gaming,2014
Like Nastya AE,"23,400,000","11,843,614,429",636,Entertainment,2018
Enrique Iglesias,"23,400,000","16,999,907,105",434,Music,2007
Happy Lives,"23,400,000","10,103,932,216",550,Science & Technology,2016
MrBeast en Español,"23,400,000","2,959,484,997",87,Entertainment,2021
NickyJamTV,"23,400,000","15,433,153,908",358,Music,2012
Mister Max,"23,400,000","15,188,885,182","1,072",People & Blogs,2014
Troom Troom,"23,400,000","10,001,222,206","2,120",Howto & Style,2015
Mark Rober,"23,300,000","3,214,411,985",108,Science & Technology,2011
Erlania e Valentina Pontes,"23,200,000","7,740,625,371","1,234",Film & Animation,2014
Miss Katy,"23,200,000","14,256,869,917","1,016",People & Blogs,2014
Jelly,"23,200,000","14,485,790,472","5,861",Gaming,2014
Indosiar,"23,100,000","11,795,485,473","64,565",Music,2013
America's Got Talent,"23,100,000","4,634,400,513","2,960",Entertainment,2006
Sesame Street,"23,100,000","21,710,473,619","3,542",Entertainment,2006
Diana and Roma ARA,"23,000,000","10,504,290,129",544,https://us.youtubers.me/global/all/top-1000-most_subscribed-youtube-channels,2019
Venus Movies,"22,900,000","6,648,113,808","2,499",Entertainment,2010
YOLO AVENTURAS,"22,800,000","6,140,529,899","1,225",People & Blogs,2018
Pen Movies,"22,800,000","6,123,652,788","1,646",Film & Animation,2014
Technical Guruji,"22,800,000","3,240,574,005","4,812",Science & Technology,2015
Goldmines Movies,"22,800,000","5,166,413,550","4,432",Film & Animation,2013
Peppa Pig Español Latino - Canal Oficial,"22,700,000","7,495,214,886","1,118",Film & Animation,2014
FaZe Rug,"22,700,000","6,749,344,707","2,077",Gaming,2012
DrossRotzank,"22,700,000","5,868,977,921","1,545",Entertainment,2006
Zhong,"22,700,000","13,648,354,447","1,283",Entertainment,2015
Lady Gaga,"22,600,000","14,745,436,214",172,People & Blogs,2008
GMM GRAMMY OFFICIAL,"22,600,000","24,839,063,221","14,488",Music,2010
Preston,"22,600,000","7,505,683,763","3,927",Gaming,2012
LankyBox,"22,600,000","30,317,640,439","6,984",Comedy,2016
White Hill Music,"22,400,000","10,303,170,016","5,300",Entertainment,2014
The Chainsmokers,"22,400,000","13,744,471,188",160,Music,2012
Smile Family,"22,400,000","8,499,075,726",451,People & Blogs,2018
TED,"22,400,000","2,457,759,405","4,181",People & Blogs,2006
Juan De Dios Pantoja,"22,400,000","1,835,511,828",196,Entertainment,2014
mmoshaya,"22,300,000","16,972,853,327","1,164",People & Blogs,2010
Wave Music Bhojpuri,"22,300,000","12,530,155,484","21,963",Music,2014
Paulo Londra,"22,200,000","7,577,333,000",58,Music,2016
Sia,"22,200,000","12,789,115,698",168,Music,2007
BabyBus - Canciones Infantiles & Videos para Niños,"22,100,000","12,546,008,350","1,087",Education,2018
Diana and Roma EN,"22,100,000","6,044,449,696",464,People & Blogs,2011
OneDirectionVEVO,"21,900,000","11,830,132,973",266,Music,2010
Like Nastya PRT,"21,900,000","10,979,800,678",589,Entertainment,2019
SSundee,"21,700,000","12,843,659,340","3,194",Gaming,2009
Charlie Puth,"21,600,000","9,279,930,391",146,Music,2009
Ultra Movie Parlour,"21,600,000","5,274,337,335","1,475",Movies,2011
Goldmines Cineplex,"21,500,000","2,098,934,903","2,932",Film & Animation,2015
FGTeeV,"21,500,000","23,294,730,097","1,661",Gaming,2013
Maya and Mary,"21,400,000","6,488,980,036",546,Entertainment,2013
Dua Lipa,"21,400,000","10,584,082,649",164,Music,2011
Dushyant kukreja,"21,400,000","14,105,493,980",735,Entertainment,2015
Beast Reacts,"21,300,000","3,212,940,190",230,People & Blogs,2016
Alan Becker,"21,200,000","4,743,371,214",135,Film & Animation,2006
Kids TV - Nursery Rhymes And Baby Songs,"21,200,000","12,481,540,293","3,608",Shows,2013
NichLmao,"21,100,000","11,361,253,531",720,People & Blogs,2018
nigahiga,"21,100,000","4,370,083,736",403,Entertainment,2006
Vlad and Niki Arabic,"21,100,000","9,910,020,745",471,https://us.youtubers.me/global/all/top-1000-most_subscribed-youtube-channels,2018
National Geographic,"21,100,000","5,429,440,644","10,013",Science & Technology,2006
Disney Latinoamérica,"21,000,000","19,851,368,612","7,956",Entertainment,2007
Tasty,"21,000,000","5,614,408,524","4,461",Howto & Style,2016
toyorbabytv,"21,000,000","14,935,005,348","1,092",Music,2012
Rotana,"20,900,000","17,847,780,290","8,240",Music,2012
Becky G,"20,800,000","10,028,384,275",73,Music,2011
5-Minute Crafts DIY,"20,800,000","4,997,658,141","4,478",Howto & Style,2018
Baim Paula,"20,800,000","4,345,134,335","2,065",People & Blogs,2016
Sun TV,"20,700,000","17,384,448,140","45,220",People & Blogs,2016
Kinder Spielzeug Kanal,"20,700,000","10,240,499,274",842,Entertainment,2015
Canal Canalha,"20,700,000","1,858,850,667",298,Comedy,2011
Tlnovelas,"20,600,000","13,931,461,109","34,189",News & Politics,2013
Netflix India,"20,600,000","6,630,097,487","3,126",People & Blogs,2016
Tekashi 6ix9ine,"20,600,000","5,505,799,443",25,People & Blogs,2018
Brave Wilderness,"20,600,000","4,798,091,763",966,Pets & Animals,2014
Vania Mania Kids,"20,500,000","8,599,968,109",906,People & Blogs,2015
Family GamesTV,"20,400,000","7,157,996,223",301,Entertainment,2016
Lyrical Lemonade,"20,400,000","10,103,545,946",413,Entertainment,2013
Dr. Vivek Bindra: Motivational Speaker,"20,400,000","1,597,414,298",782,Education,2013
Avicii,"20,400,000","9,857,717,474",149,Music,2009
Junya.じゅんや,"20,300,000","12,067,861,694","4,001",Entertainment,2020
GMA Public Affairs,"20,300,000","12,775,779,195","41,546",Entertainment,2009
BETER BÖCÜK,"20,300,000","11,558,534,734","1,772",https://us.youtubers.me/global/all/top-1000-most_subscribed-youtube-channels,2012
Eva Bravo Play,"20,300,000","8,634,660,945",202,Entertainment,2019
LazarBeam,"20,300,000","8,589,202,733","1,318",Gaming,2015
Jake Paul,"20,300,000","7,265,786,652",950,People & Blogs,2013
BuzzFeedVideo,"20,200,000","17,844,881,541","7,477",People & Blogs,2011
Romeo Santos,"20,200,000","16,053,917,113",53,Music,2005
Alejo Igoa,"20,200,000","8,466,520,358",754,Comedy,2014
invictor,"20,200,000","7,815,657,879","2,177",Gaming,2013
SlivkiShow,"20,200,000","4,530,671,605",446,Entertainment,2012
Totoy kids - Português,"20,200,000","4,196,825,167",240,Film & Animation,2014
5-Minute Crafts PLAY,"20,100,000","5,916,449,403","4,934",Howto & Style,2017
AuthenticGames,"20,100,000","8,887,964,445","4,799",Gaming,2011
Gulshan Kalra,"20,100,000","9,709,536,467",457,Howto & Style,2018
Mnet K-POP,"20,100,000","13,922,559,602","30,622",Entertainment,2006
mujjuu___14,"20,000,000","12,720,012,557",730,People & Blogs,2020
Pencilmation,"20,000,000","11,094,654,170","1,303",Film & Animation,2007
Skrillex,"20,000,000","6,438,877,934",191,Music,2010
Pentatonix,"20,000,000","5,939,617,823",253,Music,2011
Marvel Entertainment,"20,000,000","5,423,946,266","8,257",Entertainment,2005
Infinite,"20,000,000","4,721,367,276","1,563",Entertainment,2014
Vevo,"20,000,000","554,309,174","1,539",Music,2006
REACT,"20,000,000","13,034,733,249","4,042",Entertainment,2007
HaerteTest,"19,900,000","3,184,409,704","1,299",Science & Technology,2011
Kurzgesagt – In a Nutshell,"19,900,000","2,202,583,880",171,Education,2013
Got Talent Global,"19,900,000","3,575,349,122","2,020",Entertainment,2013
Fatos Desconhecidos,"19,900,000","3,492,581,724","5,703",Entertainment,2013
Khan GS Research Centre,"19,800,000","1,894,638,004",353,Education,2019
Noor Stars,"19,800,000","2,638,222,649",654,Comedy,2014
Dan Rhodes,"19,800,000","14,121,021,396","1,541",Entertainment,2015
Tilak,"19,800,000","7,980,058,405","4,929",Film & Animation,2020
The Royalty Family,"19,800,000","5,365,814,568",681,People & Blogs,2017
Deddy Corbuzier,"19,800,000","4,479,493,326","1,229",Entertainment,2009
JennaMarbles,"19,800,000","1,784,776,380",250,Comedy,2010
Linkin Park,"19,700,000","12,435,259,143",593,Music,2006
Gusttavo Lima Oficial,"19,700,000","12,914,685,124",349,Music,2010
NBA,"19,700,000","11,509,656,903","44,327",Sports,2005
Ninja Kidz TV,"19,700,000","10,043,931,480",279,Entertainment,2017
Robin Hood Gamer,"19,700,000","9,955,629,684","3,889",Entertainment,2014
Gordon Ramsay,"19,700,000","3,746,499,230","1,393",Entertainment,2006
Daniel LaBelle,"19,600,000","10,335,248,598",259,Comedy,2009
Minecraft - Topic,"19,500,000",0,0,https://us.youtubers.me/global/all/top-1000-most_subscribed-youtube-channels,2013
Village Cooking Channel,"19,500,000","5,091,483,300",219,Howto & Style,2018
BabyBus - Cerita & Lagu Anak-anak,"19,400,000","11,153,601,710",744,Education,2019
Troom Troom Es,"19,400,000","7,282,536,298","2,715",People & Blogs,2016
shane,"19,400,000","4,299,052,383",569,People & Blogs,2005
Green Gold TV - Official Channel,"19,300,000","9,348,596,042","1,159",Film & Animation,2011
Clash of Clans,"19,300,000","3,776,148,455",621,Gaming,2013
AS Gaming,"19,300,000","2,709,808,489","1,149",Gaming,2016
JukiLop,"19,300,000","1,561,914,983",85,People & Blogs,2017
Sourav Joshi Vlogs,"19,200,000","7,641,524,111","1,205",People & Blogs,2019
Rafa & Luiz,"19,200,000","7,026,825,607","2,519",Entertainment,2015
DLS News,"19,200,000","2,103,047,927","4,182",News & Politics,2017
TRT Originals Urdu,"19,200,000","8,094,731,450",881,Entertainment,2020
CookieSwirlC,"19,100,000","22,112,969,982","3,660",Entertainment,2013
हिंदी - Genevieve's Playhouse,"19,100,000","10,298,145,297",100,Education,2018
Vlad and Niki IDN,"19,100,000","9,000,927,897",444,https://us.youtubers.me/global/all/top-1000-most_subscribed-youtube-channels,2018
Britain's Got Talent,"19,100,000","10,861,607,676","3,882",Entertainment,2008
Jimmy Kimmel Live,"19,000,000","12,813,467,160","6,355",Entertainment,2006
MiawAug,"19,000,000","5,636,137,133","3,488",Gaming,2014
Crafty Panda,"19,000,000","5,746,273,984",689,People & Blogs,2017
Official Pink Panther,"18,900,000","10,387,951,650",673,Film & Animation,2013
SCTV,"18,900,000","9,298,810,737","49,523",Entertainment,2011
Lil Nas X,"18,900,000","6,017,123,758",37,Music,2018
DUDU e CAROL,"18,900,000","7,666,147,546","2,908",Autos & Vehicles,2013
Sonotek,"18,900,000","7,381,208,895","8,222",Entertainment,2011
Sidhu Moose Wala,"18,700,000","5,223,654,445",112,Music,2017
Calvin Harris,"18,700,000","15,404,239,913",76,Music,2007
Cardi B,"18,700,000","7,357,083,297",60,People & Blogs,2016
ElTrollino,"18,700,000","5,821,736,442","1,539",Entertainment,2013
TheOdd1sOut,"18,700,000","4,323,487,943",129,Comedy,2014
Emiway Bantai,"18,700,000","3,241,027,636",213,Music,2013
HiMan,"18,600,000","2,625,744,578",352,People & Blogs,2014
Vijay Television,"18,600,000","23,853,253,686","37,729",Entertainment,2007
Kiddiestv Hindi - Nursery Rhymes & Kids Songs,"18,600,000","6,734,367,221",206,Education,2017
Мирошка ТВ,"18,600,000","4,794,323,084",97,Education,2018
Stokes Twins,"18,600,000","3,637,385,950",236,People & Blogs,2008
KBS WORLD TV,"18,600,000","14,504,815,566","61,206",Entertainment,2007
FIFA,"18,600,000","5,071,198,262","10,412",Sports,2006
The ACE Family,"18,600,000","4,537,971,345",705,People & Blogs,2016
Turma da Mônica,"18,500,000","13,525,916,236","1,134",Film & Animation,2012
etvteluguindia,"18,500,000","21,334,941,386","118,601",Entertainment,2010
CKN,"18,500,000","11,925,825,823",473,Entertainment,2015
shakiraVEVO,"18,400,000","23,689,186,601",191,Music,2009
Shorts Break,"18,400,000","12,771,152,207",351,Comedy,2021
Farruko,"18,400,000","9,020,045,767",204,Music,2009
TheWillyrex,"18,400,000","6,977,925,438","6,819",Comedy,2011
Познаватель,"18,300,000","9,107,660,642",499,Entertainment,2014
Little Angel Español - Canciones Infantiles,"18,300,000","8,959,749,076",639,Education,2018
Dan-Sa / Daniel Saboya,"18,300,000","6,328,088,383","2,378",Music,2007
PDK Films,"18,300,000","4,002,276,841",110,Entertainment,2009
Vsauce,"18,300,000","2,527,403,149",414,Science & Technology,2007
Bizarrap,"18,200,000","6,197,013,583",81,Comedy,2017
MrBeast 2,"18,200,000","2,704,243,391",107,People & Blogs,2020
7clouds,"18,200,000","13,041,283,902","2,187",Music,2013
Unbox Therapy,"18,200,000","4,413,653,121","2,096",Science & Technology,2010
INCRÍVEL,"18,200,000","3,120,813,439","6,192",People & Blogs,2017
That Little Puff,"18,100,000","15,908,801,249",648,Pets & Animals,2020
GEN HALILINTAR,"18,100,000","3,225,823,404",999,Entertainment,2015
Sony AATH,"18,100,000","12,395,713,325","16,520",Shows,2013
SOMOY TV,"18,100,000","10,663,606,796","122,409",News & Politics,2015
Good Mythical Morning,"18,100,000","8,423,256,648","3,123",Entertainment,2008
Ali-A,"18,100,000","5,876,845,993","4,009",Gaming,2006
TED-Ed,"18,100,000","3,461,555,664","2,006",Education,2011
Naisa Alifia Yuriza (N.A.Y),"18,100,000","2,721,117,176","1,511",People & Blogs,2017
Like Nastya Vlog,"18,100,000","7,829,592,220",445,People & Blogs,2016
Marmok,"18,100,000","3,282,682,574",356,Gaming,2008
RsiamMusic : อาร์สยาม,"18,000,000","11,236,193,123","2,775",Music,2011
Masha e o Urso,"18,000,000","7,708,404,844",952,Shows,2016
David Dobrik,"18,000,000","7,133,819,223",536,People & Blogs,2014
RKD Studios,"18,000,000","4,830,469,564",721,Entertainment,2014
Zach Choi ASMR,"18,000,000","3,879,359,888",742,People & Blogs,2014
SUPER SLICK SLIME SAM,"18,000,000","6,536,886,700",817,Howto & Style,2018
GRAMMY GOLD OFFICIAL,"17,900,000","19,096,510,006","5,960",Music,2014
Demi Lovato,"17,900,000","6,692,528,239",302,Music,2008
Vlad and Niki ESP,"17,900,000","6,840,934,495",461,https://us.youtubers.me/global/all/top-1000-most_subscribed-youtube-channels,2018
YOLO,"17,800,000","1,045,473,522",181,Comedy,2015
Lele Pons,"17,800,000","5,064,880,709",190,Comedy,2015
ArianaGrandeVevo,"17,800,000","19,536,373,590",177,Music,2010
Mother Goose Club Playhouse,"17,800,000","15,855,344,146","1,355",Shows,2009
officialpsy,"17,800,000","10,278,257,112",123,Music,2010
Sebastián Yatra,"17,800,000","9,896,953,778",223,News & Politics,2013
TheGrefg,"17,800,000","6,224,159,661","3,423",Gaming,2012
Lil Pump,"17,800,000","4,151,057,085",60,Music,2015
LIV Crime,"17,700,000","9,087,666,286","6,847",People & Blogs,2020
Dhar Mann,"17,700,000","10,106,144,506",780,People & Blogs,2018
SQUEEZIE,"17,700,000","9,615,343,524","1,496",Gaming,2011
RobleisIUTU,"17,600,000","4,945,831,582","1,209",Entertainment,2013
Sidemen,"17,600,000","4,757,429,214",288,Entertainment,2015
شبكة العاب العرب | Arab Games Network,"17,600,000","8,214,755,372","5,854",Gaming,2013
Porta dos Fundos,"17,600,000","7,507,770,910","2,084",Entertainment,2012
unknown boy varun,"17,600,000","6,711,838,849",306,Music,2016
Goldmines Great Indian Comedy,"17,600,000","4,718,631,830","2,240",Film & Animation,2016
JFlaMusic,"17,600,000","3,740,227,273",313,Music,2011
FactTechz,"17,600,000","2,174,714,518",629,Entertainment,2016
Alan Chikin Chow,"17,500,000","18,751,898,909",665,Comedy,2020
Dangal TV Channel,"17,500,000","10,634,149,767","13,585",Entertainment,2017
Shemaroo Comedy,"17,500,000","5,521,857,617","3,909",Entertainment,2007
Triggered Insaan,"17,500,000","2,890,143,198",279,Comedy,2014
Fede Vigevani,"17,500,000","5,618,139,731",938,Howto & Style,2009
Stubborn Facts,"17,400,000","882,443,900",256,Film & Animation,2016
Smile Family Spanish,"17,400,000","6,613,190,306",391,https://us.youtubers.me/global/all/top-1000-most_subscribed-youtube-channels,2019
Manual do Mundo,"17,400,000","3,695,346,065","2,266",Howto & Style,2006
Jane ASMR 제인,"17,300,000","6,926,201,406","1,719",https://us.youtubers.me/global/all/top-1000-most_subscribed-youtube-channels,2012
李子柒 Liziqi,"17,300,000","2,885,085,503",128,Howto & Style,2017
PopularMMOs,"17,200,000","14,524,539,590","4,685",Gaming,2012
SonyMusicSouthVEVO,"17,200,000","16,475,440,230","5,392",Music,2014
IGN,"17,200,000","15,298,075,378","152,548",Gaming,2006
الـريماس - Al-Remas,"17,200,000","10,987,905,421","2,106",Music,2013
Jason Derulo,"17,200,000","9,153,296,657",496,Music,2008
Zuni and Family,"17,200,000","6,384,571,384",190,People & Blogs,2017
Liza Koshy,"17,200,000","2,607,019,595",189,Comedy,2013
Willyrex,"17,100,000","4,910,825,286","7,169",Gaming,2009
Blippi - Educational Videos for Kids,"17,100,000","13,959,924,964",559,Education,2014
HowToBasic,"17,100,000","3,617,767,355",568,Howto & Style,2011
Akshay Nagwadiya,"17,000,000","5,989,666,543",421,Entertainment,2017
LuisFonsiVEVO,"17,000,000","14,253,357,504",96,Music,2009
Gaby and Alex,"17,000,000","8,040,940,941",353,Entertainment,2012
zbing z.,"17,000,000","8,750,698,468","2,944",Gaming,2014
Anitta,"17,000,000","6,999,595,709",112,Music,2011
EeOneGuy,"17,000,000","3,816,302,459",366,Entertainment,2013
Katie Angel,"17,000,000","3,442,581,311",828,People & Blogs,2015
tanboy kun,"17,000,000","3,346,610,028",659,People & Blogs,2016
Ben Azelart,"16,900,000","3,253,691,948",267,Film & Animation,2014
Guava Juice,"16,900,000","8,960,360,548","1,849",Gaming,2006
Busy Fun Ltd,"16,900,000","6,712,353,097",176,https://us.youtubers.me/global/all/top-1000-most_subscribed-youtube-channels,2019
Doggy Doggy Cartoons,"16,800,000","6,498,360,254","4,723",Entertainment,2012
Azhan5star,"16,800,000","8,351,014,001",507,Entertainment,2021
News24,"16,800,000","7,205,305,527","186,542",News & Politics,2014
TheBrianMaps,"16,800,000","4,249,047,639",487,Comedy,2012
Apple,"16,800,000","942,922,750",205,Science & Technology,2005
SMOL,"16,800,000","18,006,604,541","2,813",People & Blogs,2021
MissaSinfonia,"16,800,000","2,103,205,523",231,Comedy,2011
Jason Vlogs,"16,700,000","8,294,504,544",712,Education,2015
TRANS TV Official,"16,700,000","9,293,500,431","136,669",Entertainment,2014
And TV,"16,700,000","13,143,495,790","28,646",Entertainment,2015
Les' Copaque Production,"16,700,000","8,363,104,683","1,518",Film & Animation,2009
Wow Kidz Action,"16,700,000","7,351,212,171","1,522",Film & Animation,2017
Miley Cyrus,"16,700,000","6,589,244,611",131,Entertainment,2009
Tu COSMOPOLIS,"16,700,000","4,984,777,868","7,718",People & Blogs,2014
DeToxoMoroxo,"16,700,000","2,254,760,246",514,Entertainment,2012
Prajapati News,"16,700,000","958,355,786","1,242",Comedy,2013
Queen Official,"16,600,000","10,280,190,536",930,Music,2008
Like Nastya VNM,"16,600,000","9,054,329,371",517,Entertainment,2019
Spider Slack,"16,600,000","9,948,034,173",677,Comedy,2020
El Reino a Jugar,"16,600,000","10,834,472,832",923,Education,2015
Marques Brownlee,"16,600,000","3,320,565,650","1,505",Science & Technology,2008
Werever2morro,"16,600,000","2,788,971,456",973,Entertainment,2007
Tsuriki Show,"16,600,000","24,308,798,996","2,158",Entertainment,2019
The Game Theorists,"16,500,000","3,707,682,281",683,Gaming,2009
AMARINTV : อมรินทร์ทีวี,"16,500,000","11,868,564,808","102,057",Entertainment,2014
VICE,"16,500,000","4,417,232,834","3,786",Entertainment,2005
IDEAS EN 5 MINUTOS,"16,500,000","3,603,087,973","5,070",Howto & Style,2017
Aayu and Pihu Show,"16,400,000","8,503,559,876",394,Comedy,2017
Travis Scott,"16,400,000","7,561,196,221",13,Music,2013
FailArmy,"16,300,000","2,474,948,866",381,Comedy,2011
Pop Chartbusters,"16,300,000","8,242,919,144","2,184",Music,2011
ExtraPolinesios,"16,300,000","4,757,748,651",494,People & Blogs,2012
Kaykai Salaider,"16,300,000","4,356,942,977",410,Comedy,2011
Sandra Cires Art,"16,300,000","3,846,664,788","1,071",Howto & Style,2011
W2S,"16,300,000","4,742,756,117",652,Gaming,2012
PANDA BOI,"16,300,000","10,742,466,800",798,Entertainment,2020
Ivana Alawi,"16,200,000","1,236,540,816",162,https://us.youtubers.me/global/all/top-1000-most_subscribed-youtube-channels,2018
JJ Olatunji,"16,200,000","3,918,358,139","1,243",Gaming,2011
Sagawa /さがわ,"16,200,000","13,685,363,296","4,602",Entertainment,2021
Little Mix,"16,200,000","7,286,908,606",278,Music,2011
Boyce Avenue,"16,200,000","6,406,528,293",449,Music,2007
Gato Galactico | GALÁXIA,"16,200,000","6,004,959,028","2,376",Film & Animation,2013
Kids Play,"16,100,000","7,878,433,444",568,Entertainment,2018
Canal IN,"16,100,000","2,632,505,818",723,People & Blogs,2017
Pitbull,"16,100,000","11,967,155,018",329,Music,2006
With Kids[위드키즈],"16,100,000","8,485,722,090",868,Entertainment,2012
FunFun Toy Doll TV,"16,100,000","7,196,345,505",716,Entertainment,2016
Camila Cabello,"16,100,000","6,348,729,079",80,Music,2015
Matt Stonie,"16,100,000","3,417,845,312",419,Entertainment,2012
Antrax,"16,100,000","2,996,209,632",675,Gaming,2015
Like Nastya IDN,"16,000,000","6,888,875,020",487,Entertainment,2019
RCTI - LAYAR DRAMA INDONESIA,"16,000,000","12,747,937,025","64,854",Entertainment,2015
Jennifer Lopez,"16,000,000","9,858,663,362",234,Music,2005
AdMe,"15,900,000","4,252,623,917","5,862",Entertainment,2015
jeffreestar,"15,900,000","2,592,651,786",433,Howto & Style,2006
DopeLyrics,"15,900,000","9,894,008,410","1,981",Music,2016
Enes Batur,"15,900,000","9,619,633,601","1,986",Gaming,2012
El Payaso Plim Plim,"15,900,000","14,409,863,239","1,103",Film & Animation,2013
SAM SMITH,"15,900,000","9,495,750,368",158,Music,2012
SriBalajiMovies,"15,800,000","8,671,201,657","17,382",Entertainment,2011
Lahari Music | T-Series,"15,800,000","11,199,713,086","8,490",Music,2011
wifistudy,"15,800,000","2,928,896,155","49,021",Education,2014
FitDance,"15,800,000","6,854,636,069","4,126",Music,2013
T3ddy,"15,700,000","2,765,806,267","1,797",Comedy,2012
Technoblade,"15,700,000","1,570,800,772",989,Gaming,2013
Rotten Tomatoes Trailers,"15,700,000","12,949,835,683","9,944",Film & Animation,2011
Ch7HD,"15,700,000","8,793,190,045","47,605",Entertainment,2010
Dyland PROS,"15,700,000","1,389,142,126","2,275",Entertainment,2015
Live,"15,700,000",0,0,https://us.youtubers.me/global/all/top-1000-most_subscribed-youtube-channels,2015
Caeli YT,"15,600,000","1,510,667,954",551,Entertainment,2010
POPS Kids,"15,600,000","9,534,315,040","4,607",Music,2014
GMMTV OFFICIAL​​,"15,600,000","11,557,692,368","21,719",Entertainment,2010
NMF News,"15,600,000","6,782,488,106","102,935",News & Politics,2013
Camilo,"15,600,000","6,432,024,424",118,Music,2010
BBC News Hindi,"15,600,000","6,342,884,945","18,654",News & Politics,2009
News18 India,"15,600,000","5,860,579,687","150,702",News & Politics,2007
MSA previously My Story Animated,"15,600,000","6,963,014,694",956,Film & Animation,2019
CoryxKenshin,"15,500,000","6,483,995,439","1,674",Gaming,2009
LEGO,"15,500,000","19,694,349,295","29,522",Entertainment,2005
Дима Масленников,"15,500,000","2,225,693,980",412,Entertainment,2014
Thairath Online,"15,400,000","13,366,977,081","225,893",News & Politics,2010
La Rosa de Guadalupe,"15,400,000","8,901,924,388","6,670",Entertainment,2015
Roman Atwood Vlogs,"15,400,000","5,462,269,239","1,749",People & Blogs,2013
LOKESH GAMER,"15,400,000","1,592,421,777","1,278",Gaming,2017
Kerajinan 5-Menit,"15,300,000","4,576,518,768","3,781",People & Blogs,2018
MK MUSIC,"15,300,000","8,419,062,111","4,854",Music,2010
Aphmau,"15,300,000","15,163,928,090","4,184",Gaming,2012
Henrique e Juliano,"15,300,000","13,565,040,202",312,Music,2009
Volga Video,"15,300,000","9,504,390,823","19,496",Film & Animation,2012
Super Senya,"15,300,000","4,983,504,473",489,Entertainment,2016
TWICE,"15,300,000","4,388,859,333",976,Music,2016
Zach King,"15,300,000","2,460,524,932",409,Entertainment,2013
IShowSpeed,"15,300,000","1,173,340,373","1,217",Gaming,2016
5-Minute Crafts FAMILY,"15,300,000","5,866,531,040","3,803",People & Blogs,2018
حِرف إبداعية في 5 دقائق,"15,300,000","4,334,496,018","4,807",Howto & Style,2017
Musas,"15,200,000","2,376,552,971",612,Howto & Style,2012
Harsh Beniwal,"15,200,000","1,720,782,483",162,Comedy,2015
Oyuncak Avı,"15,200,000","8,244,957,082",625,Entertainment,2014
Bollywood Classics,"15,200,000","6,499,358,216","1,265",Entertainment,2011
Talking Tom & Friends,"15,200,000","6,380,721,763",405,Entertainment,2010
Totoy kids - Español,"15,200,000","5,445,559,517",302,Film & Animation,2017
zayn,"15,200,000","4,721,370,622",14,Music,2016
Ranz Kyle,"15,100,000","1,726,182,121",508,People & Blogs,2008
Linus Tech Tips,"15,100,000","6,566,938,287","6,048",Science & Technology,2008
Taarak Mehta Ka Ooltah Chashmah,"15,100,000","9,305,643,080","3,506",Entertainment,2014
Marta and Rustam,"15,100,000","16,065,818,431",571,Comedy,2021
AdeleVEVO,"15,100,000","11,918,454,879",52,Music,2009
Ajay Sharma,"15,100,000","10,806,573,025",764,Entertainment,2012
Team Films Bhojpuri,"15,100,000","6,409,533,930","20,099",Music,2014
Makiman131,"15,100,000","4,188,172,463","2,987",Gaming,2013
TheRichest,"15,100,000","2,945,021,956","2,286",Education,2014
League of Legends,"15,000,000","6,911,362,560","1,324",Gaming,2009
NDTV India,"15,000,000","6,251,404,518","76,615",News & Politics,2008
Arif muhammad,"15,000,000","3,717,214,603",480,People & Blogs,2017
Mariale,"15,000,000","2,670,473,667","2,087",Howto & Style,2010
Niana Guerrero,"15,000,000","1,420,188,529",416,Entertainment,2013
Dave and Ava - Nursery Rhymes and Baby Songs,"15,000,000","10,218,745,464",779,Education,2014
Unspeakable,"15,000,000","8,230,219,714",713,Gaming,2016
НТВ,"14,900,000","439,098",1,People & Blogs,2008
BIGBANG,"14,900,000","7,577,947,855",776,Music,2005
Lyna,"14,900,000","6,168,742,287","4,674",Gaming,2014
Zee Music Classic,"14,900,000","5,438,012,566","1,292",Music,2014
Daftar Populer,"14,900,000","2,013,468,687","3,336",Education,2017
Mobile Legends: Bang Bang Official,"14,900,000","2,994,145,139","3,194",Gaming,2016
It's Mamix,"14,800,000","1,687,036,510",210,People & Blogs,2017
Vlad and Niki ARA,"14,800,000","6,904,116,984",456,https://us.youtubers.me/global/all/top-1000-most_subscribed-youtube-channels,2019
Kwebbelkop,"14,800,000","6,745,121,120","5,094",Gaming,2008
Genierock,"14,800,000","13,968,497,628","1,612",Music,2008
Zé Neto e Cristiano,"14,800,000","10,783,179,824",276,Music,2012
UFC - Ultimate Fighting Championship,"14,800,000","6,018,053,330","13,234",Sports,2006
Lachlan,"14,800,000","5,132,197,532","3,754",Gaming,2013
ERB,"14,800,000","3,967,426,418",86,Entertainment,2006
iTownGamePlay *Terror&Diversión*,"14,800,000","4,878,915,354","8,034",Entertainment,2012
Reaction Time,"14,700,000","4,250,594,230","1,691",Entertainment,2015
Fueled By Ramen,"14,700,000","12,979,351,082","1,201",Music,2006
Major Lazer Official,"14,700,000","9,119,867,025",415,Music,2009
Jorge & Mateus Oficial,"14,700,000","8,531,197,930",315,Music,2008
Blippi Español,"14,700,000","8,365,145,978",502,People & Blogs,2017
How Ridiculous,"14,700,000","7,038,864,747",611,Sports,2009
Planeta das Gêmeas,"14,700,000","4,561,478,126",925,People & Blogs,2015
MattyBRaps,"14,700,000","3,433,181,614",188,Music,2010
The Slow Mo Guys,"14,700,000","2,419,017,151",306,Entertainment,2010
CollegeHumor,"14,600,000","7,417,360,246","4,234",Comedy,2006
حقائق وأسرار,"14,600,000","2,205,484,273","1,343",Entertainment,2016
IDEIAS INCRÍVEIS,"14,600,000","3,526,599,957","5,055",Howto & Style,2017
Dear Sir,"14,600,000","1,142,389,053",538,Education,2016
XpressTV,"14,600,000","3,776,846,510",661,Entertainment,2014
LeoNata Family,"14,600,000","20,308,004,462","1,767",People & Blogs,2021
CNN,"14,600,000","13,163,310,550","157,647",News & Politics,2005
ABS-CBN News,"14,600,000","9,938,076,313","183,459",News & Politics,2009
PlayStation,"14,600,000","4,489,317,917","18,950",Gaming,2005
Lilly Singh,"14,600,000","3,489,663,353",920,Comedy,2010
Canal Nostalgia,"14,600,000","1,470,903,214",417,Entertainment,2008
les boys tv2,"14,600,000","4,527,781,812",441,Entertainment,2017
Maha Fun Tv,"14,600,000","1,229,782,720",44,Entertainment,2017
O Canal do Joãozinho - Little Angel Português,"14,600,000","8,198,866,613",706,Entertainment,2018
Kuplinov ► Play,"14,600,000","6,250,633,875","6,485",Gaming,2012
Chad Wild Clay,"14,500,000","6,531,194,335",669,Comedy,2006
EdisonPts,"14,500,000","6,090,258,521","3,571",Gaming,2013
Yoeslan,"14,500,000","12,218,689,931",404,Entertainment,2020
LEGENDA FUNK,"14,500,000","1,314,916,113","2,389",Music,2013
Drawblogs,"14,500,000","1,712,621,922",400,Entertainment,2014
Fifth Harmony,"14,500,000","7,729,323,881",67,Music,2013
Martin Garrix,"14,500,000","5,781,932,607",342,Music,2011
Boram Tube ToysReview [보람튜브 토이리뷰],"14,500,000","4,970,086,311",591,People & Blogs,2016
Daily Dose Of Internet,"14,500,000","4,759,610,926",451,Entertainment,2015
Hongyu ASMR 홍유,"14,500,000","4,731,422,538",585,People & Blogs,2018
FC Barcelona,"14,500,000","2,392,738,126","10,386",Sports,2006
Gyan Gamingㅤ,"14,500,000","2,170,163,026","2,759",Gaming,2017
Maroon5VEVO,"14,500,000","19,451,808,105",143,Music,2009
SelenaGomezVEVO,"14,500,000","10,808,395,899",186,Music,2009
Jake Fellman,"14,400,000","11,093,115,317",425,Entertainment,2012
Hear This Music,"14,400,000","8,912,503,027",39,Music,2016
Kim Loaiza,"14,400,000","1,345,839,890",15,Music,2019
Super Polina,"14,400,000","4,769,579,782",544,People & Blogs,2014
A2 Motivation by Arvind Arora,"14,400,000","5,733,132,609","2,061",Entertainment,2017
ช่อง8 : Thai Ch8,"14,400,000","5,638,664,089","24,388",Entertainment,2011
DM - Desi Melodies,"14,400,000","5,388,394,805",55,Music,2017
Mohamed Ramadan I محمد رمضان,"14,400,000","4,967,167,049",601,People & Blogs,2014
Jordan Matter,"14,400,000","4,549,054,595",387,Entertainment,2006
Rclbeauty101,"14,400,000","3,882,397,491",462,Comedy,2010
Cyprien,"14,400,000","3,055,947,897",212,Comedy,2007
انصالة فاميلي I أنس و أصالة,"14,400,000","3,016,401,555",395,Entertainment,2017
Bispo Bruno Leonardo,"14,400,000","2,668,391,636","4,175",Nonprofits & Activism,2016
CrashCourse,"14,400,000","1,766,841,770","1,458",Education,2006
ГЛЕНТ,"14,300,000","1,298,647,040",272,People & Blogs,2019
Mazhavil Manorama,"14,300,000","15,032,205,882","78,669",Entertainment,2011
50 Cent,"14,300,000","9,326,000,286",417,Music,2007
SIS vs BRO,"14,300,000","6,880,342,887",358,Entertainment,2016
Трум Трум,"14,300,000","6,593,621,634","2,108",Howto & Style,2015
SRK MUSIC,"14,300,000","5,941,101,813","4,971",Music,2012
Camila Loures,"14,300,000","4,404,726,516","3,688",Music,2014
Rosanna Pansino,"14,300,000","4,374,008,476","1,106",Howto & Style,2010
Auron,"14,300,000","3,019,345,430",838,People & Blogs,2013
5-Minute Crafts Recycle,"14,200,000","8,280,623,350","3,266",People & Blogs,2019
Invento na Hora,"14,200,000","3,954,915,463","1,232",Film & Animation,2014
Doc Tops,"14,200,000","2,516,908,404",457,Entertainment,2014
Disney Junior,"14,200,000","13,991,553,391","3,643",Entertainment,2008
KOMPASTV,"14,200,000","10,910,667,115","245,453",News & Politics,2013
MNCTV OFFICIAL,"14,200,000","7,683,242,415","58,581",Entertainment,2012
Infobells Bangla,"14,200,000","6,926,902,432",309,Education,2016
Saad Lamjarred | سعد لمجرد,"14,200,000","4,115,740,719",158,Music,2012
The MriDul,"14,200,000","4,047,724,263",98,Comedy,2015
#Refugio Mental,"14,100,000","3,544,300,212",764,Entertainment,2013
NikkieTutorials,"14,100,000","1,672,330,718",866,Howto & Style,2008
Mis Pastelitos,"14,100,000","2,514,596,947",556,Howto & Style,2014
F2Freestylers - Ultimate Soccer Skills Channel,"14,100,000","3,210,551,602",769,Sports,2011
Мастерская Настроения,"14,100,000","3,808,039,710",963,Entertainment,2013
MalumaVEVO,"14,100,000","18,436,716,176",177,Music,2011
Aadishakti Films,"14,100,000","6,102,779,731","4,706",Music,2016
Katakit Baby TV,"14,100,000","5,811,945,530",196,Music,2010
Trap City,"14,100,000","5,004,580,463","2,638",Music,2012
melanie martinez,"14,100,000","4,028,748,305",96,Music,2007
Harry Styles,"14,000,000","5,083,756,024",14,People & Blogs,2017
Zig & Sharko,"14,000,000","8,683,956,869",898,Film & Animation,2015
PrestonPlayz,"14,000,000","5,195,437,365",801,Gaming,2018
AM3NlC,"14,000,000","4,889,142,949","5,614",Gaming,2012
Like Nastya Stories,"14,000,000","6,638,937,132",418,Entertainment,2019
ABC News,"14,000,000","12,266,150,289","76,462",News & Politics,2006
O Reino Infantil,"14,000,000","10,518,046,735","1,120",Music,2014
Telemundo,"14,000,000","8,202,234,385","18,798",Entertainment,2007
TazerCraft,"14,000,000","5,488,153,625","4,066",Gaming,2011
Bie The Ska,"14,000,000","4,498,785,156","1,448",Entertainment,2006
Juliana Baltar,"14,000,000","3,485,653,689","1,669",Entertainment,2010
GMM25Thailand,"14,000,000","8,821,803,304","60,211",Entertainment,2011
Neha Kakkar,"13,900,000","1,966,260,662",146,Music,2012
PowerfulJRE,"13,900,000","2,674,135,169",887,People & Blogs,2013
Ishaan Ali 11,"13,900,000","8,835,220,816",710,People & Blogs,2016
ماشا و الدب,"13,900,000","7,223,914,427",844,Shows,2017
tuzelity SHUFFLE,"13,900,000","6,142,842,116",782,People & Blogs,2015
DangMattSmith,"13,900,000","3,219,797,084","1,534",Entertainment,2011
NOBRU,"13,900,000","261,499,585",427,Gaming,2016
T-Series Hamaar Bhojpuri,"13,900,000","6,846,976,290","9,548",Entertainment,2011
Darkar Company Studios,"13,800,000","2,214,543,452",178,Film & Animation,2009
ZEE5,"13,800,000","17,189,678,828","89,656",Entertainment,2018
Sony Music South,"13,800,000","8,549,020,227","2,275",Music,2014
Ray William Johnson,"13,800,000","8,202,521,798","1,535",Entertainment,2008
Wish 107.5,"13,800,000","5,658,398,807","1,673",Music,2014
ADEL et SAMI,"13,800,000","5,216,526,296",422,Entertainment,2018
Coke Studio,"13,800,000","3,692,221,584",560,Music,2014
Narins Beauty,"13,800,000","2,147,505,352",422,Howto & Style,2014
MAIKI021,"13,700,000","1,916,175,410","3,162",Entertainment,2008
TV Ana Emilia,"13,700,000","4,525,713,851",577,People & Blogs,2014
FFUNTV,"13,700,000","10,608,345,270",376,Gaming,2018
Danny Fitt,"13,700,000","8,122,982,712","1,869",People & Blogs,2016
BBC News,"13,700,000","4,248,150,214","17,513",News & Politics,2006
Narendra Modi,"13,700,000","2,800,240,852","18,491",News & Politics,2007
Wengie,"13,600,000","1,889,199,744",414,Howto & Style,2010
PlayHard,"13,600,000","2,019,571,122","2,211",Gaming,2014
StudyIQ IAS,"13,600,000","3,504,832,993","39,036",Education,2015
Gallina Pintadita,"13,600,000","9,268,704,548",61,Music,2011
Wesley Safadão,"13,600,000","7,726,422,032",421,Music,2009
Crazy Frog,"13,600,000","7,399,861,178",37,Music,2009
infobells,"13,600,000","5,075,166,188",468,Education,2011
123 GO! Spanish,"13,600,000","4,871,205,567",420,People & Blogs,2019
MyMissAnand,"13,500,000","4,752,029,228",301,People & Blogs,2014
Atlantic Records,"13,500,000","11,999,986,364","1,492",Music,2006
dednahype,"13,500,000","13,757,629,009","1,210",Comedy,2020
ETV Jabardasth,"13,500,000","12,789,057,206","8,540",People & Blogs,2015
Sony LIV,"13,500,000","6,516,846,097","9,792",Entertainment,2014
FAPTV,"13,500,000","5,234,144,005",679,Comedy,2014
Lindsey Stirling,"13,500,000","3,659,466,058",197,Music,2007
The World Adventures हिन्दी,"13,500,000","2,129,901,800",935,People & Blogs,2016
JD Pantoja,"13,500,000","1,426,482,050",16,People & Blogs,2017
Netflix Jr.,"13,400,000","8,144,734,008","1,733",Education,2012
Поззи,"13,400,000","6,631,847,487","3,116",People & Blogs,2012
Rebecca Zamolo,"13,400,000","5,504,071,291",903,Comedy,2011
AzzyLand,"13,400,000","6,130,084,420","1,629",Gaming,2015
Desi Gamers,"13,400,000","2,030,227,951","1,315",Gaming,2015
H2ODelirious,"13,300,000","4,286,767,975","3,286",Gaming,2007
Crescendo com Luluca,"13,300,000","4,646,460,697","1,203",Entertainment,2015
T-Series Regional,"13,300,000","4,958,656,890","15,041",Entertainment,2011
Veritasium,"13,300,000","1,958,582,942",350,Education,2010
Conor Maynard,"13,300,000","2,665,397,983",284,Music,2006
jbalvinVEVO,"13,300,000","20,219,708,239",235,Music,2010
Saturday Night Live,"13,300,000","14,095,534,282","8,159",Entertainment,2013
The Q,"13,300,000","4,179,824,130",288,People & Blogs,2017
Kurt Hugo Schneider,"13,300,000","3,705,891,507",692,Entertainment,2007
Anaysa,"13,300,000","3,283,873,970",513,Howto & Style,2012
NishaMadhulika,"13,300,000","2,795,305,843","2,104",Howto & Style,2009
BBC,"13,200,000","9,296,738,948","14,156",Pets & Animals,2005
Zee Telugu,"13,200,000","9,265,994,462","104,189",Entertainment,2008
karameeshchannel,"13,200,000","8,883,292,835","2,178",Entertainment,2012
Meghan Trainor,"13,200,000","7,822,230,597",148,People & Blogs,2008
theRadBrad,"13,200,000","5,932,290,734","7,961",Gaming,2006
Jazzghost,"13,200,000","5,078,316,051","5,312",Gaming,2012
VexTrex,"13,100,000","7,736,404,007","3,500",Entertainment,2014
Brawl Stars,"13,100,000","1,944,961,599",155,Gaming,2017
Matt Steffanina,"13,100,000","3,140,352,689",523,Entertainment,2011
JOJO TV - Hindi Stories,"13,100,000","4,955,237,714","1,006",Education,2016
Typical Gamer,"13,100,000","4,072,134,308","4,069",Gaming,2008
أترو/Atro,"13,100,000","2,244,181,201","1,712",Gaming,2017
O Que Não Dizer Oficial,"13,100,000","1,723,601,563",574,Comedy,2015
Jamuna TV,"13,100,000","10,958,457,763","97,033",News & Politics,2017
Kids TV India Hindi Nursery Rhymes,"13,100,000","6,194,817,833","1,272",Shows,2014
The LaBrant Fam,"13,100,000","4,577,161,512",595,Comedy,2012
ATHLEAN-X™,"13,100,000","2,233,627,821","1,314",Howto & Style,2006
DALLMYD,"13,100,000","1,773,415,670",393,Sports,2011
Alex Gonzaga Official,"13,100,000","1,360,273,293",252,People & Blogs,2017
Come Play With Me,"13,100,000","15,474,314,657",386,Entertainment,2014
Lady Diana,"13,100,000","7,814,517,029","1,346",Entertainment,2016
sagar kalra (Shorts),"13,000,000","5,483,428,689",401,People & Blogs,2017
Think Music India,"13,000,000","9,958,947,026","4,452",Music,2009
Hacksmith Industries,"13,000,000","1,408,649,134",791,Science & Technology,2006
Matheus Yurley,"13,000,000","139,450,407",68,Entertainment,2015
CookingShooking Hindi,"13,000,000","1,684,387,848",393,People & Blogs,2017
Mythpat,"13,000,000","2,792,917,860",337,Entertainment,2018
Calon Sarjana,"13,000,000","10,664,585",29,Entertainment,2016
Everson Zoio,"13,000,000","1,004,312,062",594,Comedy,2009
Zee Bangla,"13,000,000","8,095,947,007","101,353",Entertainment,2008
RedeTV,"13,000,000","5,243,538,335","33,816",Entertainment,2011
twenty one pilots,"13,000,000","4,940,473,759",182,Music,2009
Ei Nerd,"13,000,000","3,398,836,213","5,651",Entertainment,2013
Goldmines Premiere,"13,000,000","1,781,566,597",653,Entertainment,2013
DJ Khaled,"12,900,000","6,405,935,489",59,Music,2018
Mrwhosetheboss,"12,900,000","2,522,365,187","1,488",Science & Technology,2011
Top Viral Talent,"12,900,000","3,847,800,217","1,865",Entertainment,2014
EnriqueIglesiasVEVO,"12,900,000","15,018,595,817",136,Music,2009
Colors Rishtey,"12,900,000","10,739,183,295","18,371",Entertainment,2013
RS 1313 SHORTS,"12,900,000","6,767,680,381","4,660",Entertainment,2020
Компот,"12,900,000","6,687,118,830","2,025",Gaming,2013
Lana Del Rey,"12,900,000","6,183,850,559",40,Music,2011
Awakening Music,"12,900,000","5,196,501,306",745,Music,2006
Hungria Hip Hop,"12,900,000","4,296,055,045",50,Music,2013
The Shiny Peanut,"12,900,000","2,840,870,688","2,337",Education,2016
DeGoBooM,"12,900,000","5,257,749,726","3,394",Gaming,2014
Peppa Pig em Português Brasil - Canal Oficial,"12,800,000","4,055,556,450","1,231",Film & Animation,2014
BeyoncéVEVO,"12,800,000","13,662,997,727",169,Music,2009
#Refúgio Mental,"12,800,000","2,659,524,359",819,Entertainment,2013
Trakin Tech,"12,800,000","2,024,906,006","3,450",Science & Technology,2011
Kabita's Kitchen,"12,800,000","2,516,352,711","1,329",Howto & Style,2014
BIBO와 장난감,"12,800,000","3,085,412,541",170,Entertainment,2016
7 Minutoz,"12,800,000","4,153,844,467",521,Music,2012
Knowledge Tv हिन्दी,"12,800,000","1,768,376,077","1,692",People & Blogs,2014
MrSuicideSheep,"12,800,000","6,857,230,232","3,338",Entertainment,2010
Ami Rodriguez,"12,800,000","2,081,891,117",377,Entertainment,2009
E-MasterSensei,"12,800,000","3,587,873,026","1,228",Gaming,2016
Geo News,"12,800,000","4,925,451,240","172,983",News & Politics,2007
GMA News,"12,800,000","11,220,255,933","342,802",News & Politics,2007
Codiscos,"12,800,000","10,763,457,454","7,174",Music,2007
Blockbuster Movies,"12,800,000","2,515,063,658",463,Entertainment,2016
TV9 Bharatvarsh,"12,800,000","8,736,936,076","233,127",People & Blogs,2018
The Dodo,"12,800,000","8,683,276,984","7,397",Pets & Animals,2014
Luli Pampín,"12,800,000","7,128,616,807",246,Music,2012
The Infographics Show,"12,800,000","4,872,169,397","3,817",Education,2011
Lokdhun Punjabi,"12,800,000","4,552,563,710","1,400",Music,2010
Sonotek Bhakti,"12,800,000","3,902,273,032","7,752",Entertainment,2010
Indore Physical Academy,"12,800,000","3,624,179,675","1,512",People & Blogs,2014
Wolfoo Channel,"12,800,000","3,384,474,222",623,https://us.youtubers.me/global/all/top-1000-most_subscribed-youtube-channels,2019
Yudist Ardhana,"12,700,000","4,862,085,005","2,414",Entertainment,2016
RaptorGamer,"12,700,000","2,704,763,663","1,303",People & Blogs,2016
Kids Line♡キッズライン,"12,700,000","11,198,318,568","2,783",People & Blogs,2011
JesseAndMike,"12,700,000","9,481,436,539",656,Entertainment,2007
Влад и Никита,"12,700,000","7,751,585,555",449,https://us.youtubers.me/global/all/top-1000-most_subscribed-youtube-channels,2018
Troom Troom India,"12,700,000","6,608,476,174","2,199",Howto & Style,2015
My Mate Nate,"12,700,000","3,008,638,341","1,107",Comedy,2014
gymvirtual,"12,700,000","2,430,526,081","1,500",Sports,2010
Davie504,"12,600,000","2,498,175,486",806,Entertainment,2011
NickiMinajAtVEVO,"12,600,000","8,617,068,421",98,Music,2010
Луномосик,"12,600,000","5,848,562,902",538,People & Blogs,2015
Blossom,"12,600,000","4,527,850,608",674,Howto & Style,2017
Adexe & Nau,"12,600,000","4,514,074,611",582,Music,2013
BanderitaX,"12,600,000","3,690,336,615","1,559",Gaming,2013
Technology Gyan,"12,600,000","1,031,637,100",969,Science & Technology,2015
Health Time,"12,600,000","992,361,227","1,687",Howto & Style,2016
Melon City Show - برنامج ولاية بطيخ,"12,600,000","5,692,761,946","1,715",Comedy,2016
WiederDude,"12,500,000","2,454,705,246",281,https://us.youtubers.me/global/all/top-1000-most_subscribed-youtube-channels,2016
elliegoulding,"12,500,000","6,751,007,251",155,Music,2007
TKOR,"12,500,000","3,361,880,534","1,481",Education,2010
Vogue,"12,500,000","3,776,103,044","2,877",Entertainment,2008
Ja Mill,"12,500,000","1,302,818,088",567,People & Blogs,2016
Priyal Kukreja,"12,500,000","7,984,381,092",613,People & Blogs,2021
Little Baby Bum en Español,"12,500,000","6,850,021,546","1,316",Education,2014
Republic Bharat,"12,500,000","5,973,835,941","64,600",News & Politics,2019
Parafernalha,"12,500,000","4,582,763,542","1,721",Entertainment,2011
Talking Angela,"12,500,000","3,433,210,811",217,Entertainment,2014
CaseyNeistat,"12,500,000","3,107,426,903","1,089",People & Blogs,2010
Piuzinho,"12,500,000","1,054,626,166",478,Gaming,2015
SAAIHALILINTAR,"12,500,000","1,108,603,203",408,Entertainment,2012
Jass Records,"12,500,000","5,649,739,561","4,968",Music,2014
LOUD,"12,400,000","2,358,986,498","1,155",Gaming,2019
Koray Zeynep,"12,400,000","14,695,012,005","12,655",People & Blogs,2016
Heidi and Zidane HZHtube,"12,400,000","3,606,270,407",681,Entertainment,2015
DisneyChannelUK,"12,400,000","11,821,116,201","3,284",Music,2007
Rauw Alejandro,"12,400,000","10,418,976,938",141,Music,2014
Future,"12,400,000","9,328,021,218",59,Music,2011
Just For Laughs Gags,"12,400,000","7,886,065,029","7,278",Comedy,2007
Heroindori,"12,400,000","6,487,369,114",336,Comedy,2020
Duo Tiempo De Sol,"12,400,000","6,256,144,602",301,Music,2013
infobells - Kannada,"12,400,000","5,744,088,014",379,Education,2014
Troom Troom PT,"12,400,000","4,302,109,080","2,553",Howto & Style,2015
Gibby :),"12,400,000","2,814,118,004",216,People & Blogs,2014
People Vs Food,"12,400,000","1,050,713,750",479,Entertainment,2013
Wolfoo Family,"12,400,000","3,120,045,865",631,https://us.youtubers.me/global/all/top-1000-most_subscribed-youtube-channels,2019
Eli Kids - Cartoons & Songs,"12,300,000","3,715,871,927",457,https://us.youtubers.me/global/all/top-1000-most_subscribed-youtube-channels,2018
Migos ATL,"12,300,000","6,690,382,235",100,Music,2012
Acenix,"12,300,000","1,852,421,314",304,Gaming,2014
Más SKabeche,"12,300,000","2,955,450,684",697,Travel & Events,2015
SR Toys Collection,"12,300,000","4,018,076,796",984,Entertainment,2012
办公室小野 Ms Yeah,"12,300,000","3,888,668,815",400,People & Blogs,2017
웃웃TwinsFromRussia,"12,300,000","8,670,899,572","5,382",People & Blogs,2011
Akon,"12,300,000","5,780,108,081",43,Music,2005
Wave Music Bhakti,"12,300,000","5,030,056,103","19,534",Music,2011
NDTV,"12,300,000","4,803,479,418","138,620",Entertainment,2006
CHHOTU KI MASTI,"12,300,000","4,313,298,357",112,Comedy,2018
Its JoJo Siwa,"12,300,000","3,948,740,983",735,Entertainment,2015
MC Divertida,"12,200,000","4,748,565,465",353,Entertainment,2018
Troom Troom Indonesia,"12,200,000","5,186,482,167","1,688",People & Blogs,2019
jaanvi patel,"12,200,000","5,430,906,777",419,People & Blogs,2018
YoungBoy Never Broke Again,"12,200,000","12,118,657,768",590,Entertainment,2015
SEVENGERS,"12,200,000","8,396,773,331",714,Comedy,2018
DaniRep | +6 Vídeos Diarios De GTA 5 Online!,"12,200,000","6,632,558,338","11,556",Gaming,2012
Ice Cream Rolls,"12,200,000","1,538,871,204","1,691",Entertainment,2011
colinfurze,"12,200,000","1,524,031,933",375,Entertainment,2006
Kylie Jenner,"12,200,000","777,504,993",153,People & Blogs,2015
Bela Bagunça,"12,200,000","2,821,237,136",987,People & Blogs,2015
deepesh zo,"12,100,000","5,655,945,454",392,People & Blogs,2021
Timba Vk,"12,100,000","2,686,843,858",919,Gaming,2012
THE BROWN SIBLINGS,"12,100,000","7,425,242,681",764,Entertainment,2016
Yair17,"12,100,000","1,305,860,534","1,030",Gaming,2014
penguinz0,"12,100,000","6,704,978,227","4,270",Gaming,2007
Avril Lavigne,"12,100,000","5,905,100,328",163,Music,2005
Heidi y Zidane,"12,100,000","5,772,331,296",531,https://us.youtubers.me/global/all/top-1000-most_subscribed-youtube-channels,2019
Маша та Ведмідь,"12,100,000","5,223,502,987","1,082",Shows,2014
123 GO!,"12,100,000","4,528,828,203",457,People & Blogs,2019
Lulu99,"12,100,000","2,227,343,024",542,Entertainment,2015
Panda,"12,100,000","2,084,417,860","1,444",https://us.youtubers.me/global/all/top-1000-most_subscribed-youtube-channels,2018
Nat and Essie,"12,000,000","7,085,568,806","1,062",Film & Animation,2015
Planet Earth INDIA,"12,000,000","1,767,257,262",647,People & Blogs,2011
eltrece,"12,000,000","11,599,265,811","157,752",Entertainment,2014
NATTI NATASHA,"12,000,000","7,640,979,425",163,Music,2015
Mor Haryanvi,"12,000,000","6,012,566,606",408,Music,2015
Diana and Roma IND,"12,000,000","5,236,195,681",487,https://us.youtubers.me/global/all/top-1000-most_subscribed-youtube-channels,2019
Quantum Tech HD,"12,000,000","4,421,255,437",490,Science & Technology,2015
Franco Escamilla,"12,000,000","3,792,018,934","2,275",Comedy,2007
Pastor Antônio Júnior,"12,000,000","1,880,211,143","4,096",People & Blogs,2013
TsMadaan,"12,000,000","1,370,529,687","1,753",Howto & Style,2008
Hero Movies 2023,"11,900,000","1,567,419,173",446,People & Blogs,2017
Topper Guild,"11,900,000","11,296,940,423",612,Comedy,2014
Willie Salim,"11,900,000","2,811,346,388",446,People & Blogs,2014
MBC مصر,"11,900,000","6,617,278,334","40,741",Entertainment,2012
First We Feast,"11,900,000","2,645,221,536",896,Howto & Style,2014
Rubius Z,"11,900,000","1,975,397,586",496,Comedy,2006
Black Eyed Peas,"11,900,000","10,134,616,933",71,Music,2007
Pari's Lifestyle,"11,900,000","7,271,047,228",401,People & Blogs,2018
CNCO,"11,900,000","7,059,676,669",187,Music,2015
AlArabiya العربية,"11,900,000","6,575,858,204","147,459",People & Blogs,2006
Luan Santana,"11,900,000","5,332,547,232",379,Music,2009
DANIEL EL TRAVIESO VIDEOS,"11,900,000","4,842,572,088",335,Comedy,2014
KaKa Kids TV - Nursery Rhymes Kids Animated Songs,"11,900,000","4,185,234,779",331,https://us.youtubers.me/global/all/top-1000-most_subscribed-youtube-channels,2013
Kluna Tik,"11,900,000","4,154,119,625",302,Entertainment,2014
Make Joke Of,"11,900,000","1,962,826,145",48,Comedy,2017
Lofi Girl,"11,900,000","1,476,334,365",372,Music,2015
GoldminesAction,"11,900,000","1,169,023,702",644,Film & Animation,2015
emma chamberlain,"11,900,000","1,572,887,708",287,Entertainment,2016
ChrisBrownVEVO,"11,900,000","13,190,990,325",297,Music,2009
Kashvi Adlakha,"11,900,000","10,392,111,852","1,310",Entertainment,2017
Jaiden Animations,"11,800,000","2,203,766,508",104,Film & Animation,2014
MORGENSHTERN,"11,800,000","2,262,532,486",160,Music,2013
Norman,"11,800,000","2,703,042,539",210,Comedy,2011
bharatzkitchen HINDI,"11,800,000","2,111,580,099",677,Howto & Style,2016
EU FICO LOKO,"11,800,000","1,188,130,067","1,605",Comedy,2010
CalvinHarrisVEVO,"11,800,000","13,952,879,752",174,Music,2009
Flowers Comedy,"11,800,000","10,538,459,750","10,287",Entertainment,2015
P!NK,"11,800,000","7,548,976,997",19,Music,2006
Wild 'N Out,"11,800,000","4,615,066,353","1,357",Entertainment,2006
Koo Koo TV - Hindi,"11,800,000","4,366,561,548","1,033",Education,2017
LipaoGamer,"11,800,000","4,011,244,826","11,248",Gaming,2011
MrGear,"11,800,000","3,263,435,380",840,Science & Technology,2015
TWO SIDE GAMERS,"11,800,000","2,064,926,551","1,873",Music,2018
TommyInnit,"11,800,000","1,680,228,521",305,Gaming,2015
Naz | ناز,"11,800,000","2,013,778,695",917,People & Blogs,2016
FrontaL Gaming,"11,800,000","268,739,666",157,Gaming,2015
Halsey,"11,700,000","4,654,677,099",52,Music,2014
Kendrick Lamar,"11,700,000","5,254,014,931",22,People & Blogs,2018
Lil Wayne,"11,700,000","5,741,869,232",263,Music,2013
الجانب المُشرق | Bright Side Arabic,"11,700,000","1,686,312,058","5,338",Howto & Style,2018
Garena Free Fire LATAM,"11,700,000","1,659,725,078","1,670",People & Blogs,2018
POCOYÓ en ESPAÑOL - Canal Oficial,"11,700,000","8,759,719,169","1,630",Film & Animation,2007
Chetan Monga Vlogs,"11,700,000","8,253,741,205",798,People & Blogs,2014
elcarteldesantatv,"11,700,000","6,698,448,077",344,Music,2008
BBC Earth,"11,700,000","4,212,409,776","2,338",Pets & Animals,2009
SBT,"11,700,000","3,455,406,720","25,943",Comedy,2008
Tfue,"11,700,000","1,488,520,716",833,Gaming,2014
Yoga With Adriene,"11,700,000","1,267,465,262",674,Howto & Style,2012
Dani Russo Tv,"11,700,000","611,866,406",277,Comedy,2014
Free Fire India Official,"11,700,000","1,486,885,351","1,268",People & Blogs,2018
Noman Official,"11,600,000","4,775,297,096",439,Comedy,2019
BIBO и Игрушки,"11,600,000","1,046,651,653",169,Entertainment,2019
Machinima,"11,600,000",0,0,Film & Animation,2006
Mundo Bita,"11,600,000","15,080,936,964",195,Music,2011
Salman Noman,"11,600,000","8,002,520,517",548,Entertainment,2013
Single Track Studio,"11,600,000","4,692,757,292","1,726",Entertainment,2010
Stray Kids,"11,600,000","2,599,025,008",709,People & Blogs,2017
Gustavo Paródias,"11,600,000","2,187,032,139",690,Comedy,2014
CrazyRussianHacker,"11,600,000","3,208,363,861","2,187",Science & Technology,2012
Biper y sus Amigos,"11,600,000","5,200,224,730",148,Music,2012
CarryisLive,"11,600,000","1,449,647,680",947,Gaming,2017
Airrack,"11,500,000","1,542,774,923",159,Entertainment,2015
Vy Qwaint,"11,500,000","5,652,341,273",559,Howto & Style,2014
Toys Make Me Smile,"11,500,000","4,830,020,688",102,Entertainment,2015
ZutiGang,"11,500,000","12,712,546,262","1,075",People & Blogs,2021
Flamingo,"11,500,000","9,569,061,994","2,324",Gaming,2017
Brancoala,"11,500,000","8,465,443,935","1,768",Entertainment,2008
Annoying Orange,"11,500,000","8,058,549,344","1,948",Shows,2010
Zee Kids,"11,500,000","7,017,537,235","1,015",Film & Animation,2012
ARY News,"11,500,000","5,765,943,823","67,453",News & Politics,2013
Star Casablanca | نجوم الدار البيضاء,"11,500,000","5,338,043,398","1,030",Music,2015
Maymo,"11,500,000","5,050,463,518",512,Pets & Animals,2006
설기양SULGI,"11,500,000","2,971,992,503",597,People & Blogs,2012
The Film Theorists,"11,500,000","2,415,688,324",382,Film & Animation,2014
ToysPlay,"11,500,000","7,254,635,746",431,Entertainment,2015
Morgz,"11,500,000","2,780,058,418",775,Gaming,2014
XO TEAM,"11,500,000","11,471,384,709","2,679",People & Blogs,2021
Nirahua Music World,"11,500,000","5,997,717,755",788,Music,2014
YtCrash,"11,400,000","3,825,084",1,Education,2015
Painzeiro,"11,400,000","2,143,444,281",946,People & Blogs,2015
Oum Walid,"11,400,000","2,480,064,722","1,598",People & Blogs,2015
